{
  "precision": 0.9725490196078431,
  "recall": 0.9526248399487837,
  "f1": 0.96248382923674,
  "train_size": 4868,
  "test_size": 1044,
  "noise_rate_train": 0.7485620377978636
}